Designator,Mid X,Mid Y,Rotation,Layer
C1,144.9,-110.35,180.0,top
RV1,184.218038,-99.038778,0.0,top
SW1,145.208168,-99.326692,180.0,top
